{"cameraMode":{"drawMode":0,"name":"Shaded","section":"Shading Mode"},"sceneLighting":true,"audioPlay":false,"sceneViewState":{"m_AlwaysRefresh":false,"showFog":true,"showSkybox":true,"showFlares":true,"showImageEffects":true,"showParticleSystems":true,"showVisualEffectGraphs":true,"m_FxEnabled":true},"in2DMode":false,"pivot":{"x":-49.84806823730469,"y":34.381690979003909,"z":-14.393379211425782},"rotation":{"x":0.33315691351890566,"y":0.14456546306610108,"z":-0.05167580023407936,"w":0.9304835200309753},"size":69.98711395263672,"orthographic":true}