{"cameraMode":{"drawMode":0,"name":"Shaded","section":"Shading Mode"},"sceneLighting":true,"audioPlay":false,"sceneViewState":{"showFog":true,"showMaterialUpdate":false,"showSkybox":true,"showFlares":true,"showImageEffects":true,"showParticleSystems":true},"in2DMode":false,"pivot":{"x":37.7734375,"y":33.55859375,"z":17.022705078125},"rotation":{"x":-0.2266567349433899,"y":0.09770617634057999,"z":-0.022979021072387697,"w":-0.9688977003097534},"size":35.815303802490237,"orthographic":true}